Actual,Nueva
http://www.depeco.econo.unlp.edu.ar/cedlas/,http://www.cedlas.econo.unlp.edu.ar/wp/
http://sedlac.econo.unlp.edu.ar,http://www.cedlas.econo.unlp.edu.ar/wp/estadisticas/sedlac/
http://lablac.econo.unlp.edu.ar,http://www.cedlas.econo.unlp.edu.ar/wp/estadisticas/lablac/
http://cedlas.econo.unlp.edu.ar/esp/documentos-de-trabajo.php,http://www.cedlas.econo.unlp.edu.ar/wp/publicaciones/documentos-de-trabajo/
http://cedlas.econo.unlp.edu.ar/esp/pantalla-adicional.php?idP=6,http://www.cedlas.econo.unlp.edu.ar/wp/publicaciones/informes-breves/
http://cedlas.econo.unlp.edu.ar/esp/cursos.php,http://www.cedlas.econo.unlp.edu.ar/wp/actividades/cursos/
http://cedlas.econo.unlp.edu.ar/esp/premios-y-distinciones.php,http://www.cedlas.econo.unlp.edu.ar/wp/institucional/premiosydistinciones/
http://cedlas.econo.unlp.edu.ar/esp/conferencias.php,http://www.cedlas.econo.unlp.edu.ar/wp/actividades/conferencias/
http://cedlas.econo.unlp.edu.ar/esp/otras-publicaciones.php,http://www.cedlas.econo.unlp.edu.ar/wp/publicaciones/
http://cedlas.econo.unlp.edu.ar/esp/actividades-en-curso.php,http://www.cedlas.econo.unlp.edu.ar/wp/investigacion/proyectos-de-investigacion/
http://cedlas.econo.unlp.edu.ar/esp/actividades-realizadas.php,http://www.cedlas.econo.unlp.edu.ar/wp/investigacion/proyectos-de-investigacion/
http://cedlas.econo.unlp.edu.ar/esp/quienes-somos.php,http://www.cedlas.econo.unlp.edu.ar/wp/institucional/equipo/
http://sedlac.econo.unlp.edu.ar/esp/estadisticas.php,http://www.cedlas.econo.unlp.edu.ar/wp/estadisticas/sedlac/estadisticas/
http://sedlac.econo.unlp.edu.ar/esp/metodologia.php,http://www.cedlas.econo.unlp.edu.ar/wp/estadisticas/sedlac/metodologia-sedlac/
http://sedlac.econo.unlp.edu.ar/esp/metodologia_faqs.php,http://www.cedlas.econo.unlp.edu.ar/wp/estadisticas/sedlac/metodologia-sedlac/
http://sedlac.econo.unlp.edu.ar/esp/institucional.php,http://www.cedlas.econo.unlp.edu.ar/wp/estadisticas/sedlac/la-base-sedlac/
http://lablac.econo.unlp.edu.ar/esp/estadisticas-detalle.php?idE=15,http://www.cedlas.econo.unlp.edu.ar/wp/estadisticas/lablac/estadisticas-lablac/
http://lablac.econo.unlp.edu.ar/esp/estadisticas-detalle.php?idE=13,http://www.cedlas.econo.unlp.edu.ar/wp/estadisticas/lablac/estadisticas-lablac/
http://lablac.econo.unlp.edu.ar/esp/estadisticas-detalle.php?idE=17,http://www.cedlas.econo.unlp.edu.ar/wp/estadisticas/lablac/estadisticas-lablac/
http://lablac.econo.unlp.edu.ar/esp/estadisticas-detalle.php?idE=18,http://www.cedlas.econo.unlp.edu.ar/wp/estadisticas/lablac/estadisticas-lablac/
http://lablac.econo.unlp.edu.ar/esp/institucional.php,http://www.cedlas.econo.unlp.edu.ar/wp/estadisticas/lablac/la-base-lablac/
http://lablac.econo.unlp.edu.ar/esp/metodologia.php,http://www.cedlas.econo.unlp.edu.ar/wp/estadisticas/lablac/metodologia-lablac/
http://lablac.econo.unlp.edu.ar/esp/metodologia_faqs.php,http://www.cedlas.econo.unlp.edu.ar/wp/estadisticas/lablac/metodologia-lablac/
http://lablac.econo.unlp.edu.ar/esp/el-equipo.php,http://www.cedlas.econo.unlp.edu.ar/wp/estadisticas/lablac/la-base-lablac/
http://cedlas.econo.unlp.edu.ar/esp/pantalla.php?seccion=estudios_especiales&idP=65,http://www.cedlas.econo.unlp.edu.ar/wp/investigacion/proyectos-de-investigacion/la-desigualdad-en-america-latina-y-el-caribe-lac-flagship-report-2003/
http://www.depeco.econo.unlp.edu.ar/cedlas/libro-gcse-1/,http://www.cedlas.econo.unlp.edu.ar/wp/publicaciones/libros/
http://cedlas.econo.unlp.edu.ar/esp/pantalla.php?seccion=estudios_especiales&idP=28,http://www.cedlas.econo.unlp.edu.ar/wp/investigacion/proyectos-de-investigacion/empleo-femenino-urbano-en-argentina/
http://lablac.econo.unlp.edu.ar/eng/index.php,http://www.cedlas.econo.unlp.edu.ar/wp/en/estadisticas/lablac/
http://lablac.econo.unlp.edu.ar/eng/statistics-detalle.php?idE=28,http://www.cedlas.econo.unlp.edu.ar/wp/en/estadisticas/lablac/estadisticas-lablac/
http://lablac.econo.unlp.edu.ar/eng/statistics-detalle.php?idE=32,http://www.cedlas.econo.unlp.edu.ar/wp/en/estadisticas/lablac/estadisticas-lablac/
http://lablac.econo.unlp.edu.ar/eng/statistics-detalle.php?idE=34,http://www.cedlas.econo.unlp.edu.ar/wp/en/estadisticas/lablac/estadisticas-lablac/
http://lablac.econo.unlp.edu.ar/eng/statistics-detalle.php?idE=35,http://www.cedlas.econo.unlp.edu.ar/wp/en/estadisticas/lablac/estadisticas-lablac/
http://lablac.econo.unlp.edu.ar/eng/methodology.php,http://www.cedlas.econo.unlp.edu.ar/wp/en/estadisticas/lablac/metodologia-lablac/
http://lablac.econo.unlp.edu.ar/eng/methodology_faqs.php,http://www.cedlas.econo.unlp.edu.ar/wp/en/estadisticas/lablac/metodologia-lablac/
http://lablac.econo.unlp.edu.ar/eng/the-team.php,http://www.cedlas.econo.unlp.edu.ar/wp/en/estadisticas/lablac/la-base-lablac/
http://lablac.econo.unlp.edu.ar/eng/institutional.php,http://www.cedlas.econo.unlp.edu.ar/wp/en/estadisticas/lablac/la-base-lablac/
http://sedlac.econo.unlp.edu.ar/eng/index.php,http://www.cedlas.econo.unlp.edu.ar/wp/en/estadisticas/sedlac/
http://sedlac.econo.unlp.edu.ar/eng/institutional.php,http://www.cedlas.econo.unlp.edu.ar/wp/en/estadisticas/sedlac/la-base-sedlac/
http://sedlac.econo.unlp.edu.ar/eng/statistics.php,http://www.cedlas.econo.unlp.edu.ar/wp/en/estadisticas/sedlac/estadisticas/
http://sedlac.econo.unlp.edu.ar/eng/methodology.php,http://www.cedlas.econo.unlp.edu.ar/wp/en/estadisticas/sedlac/metodologia-sedlac/
http://sedlac.econo.unlp.edu.ar/eng/methodology_faqs.php,http://www.cedlas.econo.unlp.edu.ar/wp/en/estadisticas/sedlac/metodologia-sedlac/
http://sedlac.econo.unlp.edu.ar/eng/the-team.php,http://www.cedlas.econo.unlp.edu.ar/wp/en/estadisticas/sedlac/la-base-sedlac/
http://cedlas.econo.unlp.edu.ar/eng/index.php,http://www.cedlas.econo.unlp.edu.ar/wp/en/
http://cedlas.econo.unlp.edu.ar/eng/the-team.php,http://www.cedlas.econo.unlp.edu.ar/wp/en/institucional/equipo/
http://cedlas.econo.unlp.edu.ar/eng/awards-and-distinctions.php,http://www.cedlas.econo.unlp.edu.ar/wp/en/institucional/premiosydistinciones/
http://cedlas.econo.unlp.edu.ar/eng/current-projects.php,http://www.cedlas.econo.unlp.edu.ar/wp/en/investigacion/proyectos-de-investigacion/
http://cedlas.econo.unlp.edu.ar/eng/past-projects.php,http://www.cedlas.econo.unlp.edu.ar/wp/en/investigacion/proyectos-de-investigacion/
http://cedlas.econo.unlp.edu.ar/eng/working-papers.php,http://www.cedlas.econo.unlp.edu.ar/wp/en/publicaciones/documentos-de-trabajo/
http://cedlas.econo.unlp.edu.ar/eng/other-publications.php,http://www.cedlas.econo.unlp.edu.ar/wp/en/publicaciones/
http://cedlas.econo.unlp.edu.ar/eng/courses.php,http://www.cedlas.econo.unlp.edu.ar/wp/en/actividades/cursos/
http://cedlas.econo.unlp.edu.ar/eng/conferences.php,http://www.cedlas.econo.unlp.edu.ar/wp/en/actividades/conferencias/
http://cedlas.econo.unlp.edu.ar/eng/additional-screen.php?idP=7,http://www.cedlas.econo.unlp.edu.ar/wp/en/publicaciones/informes-breves/